<?xml version="1.0" encoding="UTF-8"?>
<configurationDescriptor version="90">
  <logicalFolder name="root" displayName="root" projectFiles="true" kind="ROOT">
    <df root="." name="0">
      <in>pfilter-matrix.cpp</in>
      <in>pfilter.cpp</in>
    </df>
    <logicalFolder name="ExternalFiles"
                   displayName="Important Files"
                   projectFiles="false"
                   kind="IMPORTANT_FILES_FOLDER">
      <itemPath>Makefile</itemPath>
    </logicalFolder>
  </logicalFolder>
  <sourceFolderFilter>^(nbproject)$</sourceFolderFilter>
  <sourceRootList>
    <Elem>.</Elem>
  </sourceRootList>
  <projectmakefile>Makefile</projectmakefile>
  <confs>
    <conf name="Default" type="0">
      <toolsSet>
        <compilerSet>default</compilerSet>
        <dependencyChecking>false</dependencyChecking>
        <rebuildPropChanged>false</rebuildPropChanged>
      </toolsSet>
      <codeAssistance>
      </codeAssistance>
      <makefileType>
        <makeTool>
          <buildCommandWorkingDir>.</buildCommandWorkingDir>
          <buildCommand>${MAKE} -f Makefile</buildCommand>
          <cleanCommand>${MAKE} -f Makefile clean</cleanCommand>
          <executablePath>sfilter_cutoff.mexa64</executablePath>
          <ccTool>
            <incDir>
              <pElem>/usr/local/MATLAB/R2013a/extern/include</pElem>
              <pElem>/usr/local/MATLAB/R2013a/simulink/include</pElem>
            </incDir>
            <preprocessorList>
              <Elem>MATLAB_MEX_FILE</Elem>
              <Elem>MX_COMPAT_32</Elem>
              <Elem>NDEBUG</Elem>
              <Elem>OPENMP</Elem>
              <Elem>_GNU_SOURCE</Elem>
              <Elem>_OPENMP=200505</Elem>
              <Elem>__PIC__=2</Elem>
              <Elem>__pic__=2</Elem>
            </preprocessorList>
          </ccTool>
        </makeTool>
      </makefileType>
      <item path="pfilter-matrix.cpp" ex="false" tool="1" flavor2="0">
      </item>
      <item path="pfilter.cpp" ex="false" tool="1" flavor2="0">
      </item>
    </conf>
  </confs>
</configurationDescriptor>
